{
  "model": "HER_dsc0743",
  "ckpt": "F:\\TransMorph_Transformer_for_Medical_Image_Registration\\TransMorph_Transformer_for_Medical_Image_Registration\\IXI\\TransMorph\\experiments/TransMorph_IXI_HER_ncc_1.0_grad_1.0_her_1.0_a0_b0.02_g20\\dsc0.743.pth.tar",
  "n_subjects": 115,
  "per_subject": {
    "dice_voi": {
      "across_voi_per_subject": {
        "mean": 0.7517712239275364,
        "std": 0.026935735761611162
      }
    },
    "jaccard_voi": {
      "across_voi_per_subject": {
        "mean": 0.6166913386985508,
        "std": 0.03233640972848038
      }
    },
    "vs_voi": {
      "across_voi_per_subject": {
        "mean": 0.9054831480782608,
        "std": 0.019392960925674052
      }
    },
    "hd95_voi": {
      "across_voi_per_subject": {
        "mean": 3.1560548289942028,
        "std": 0.5407584824106656
      }
    },
    "assd_voi": {
      "across_voi_per_subject": {
        "mean": 0.5890582355855073,
        "std": 0.10208544021421566
      }
    },
    "nsd1mm_voi": {
      "across_voi_per_subject": {
        "mean": 0.8480220909507247,
        "std": 0.03166161402721724
      }
    },
    "ncc": {
      "mean": 0.9539402907826087,
      "std": 0.009577472630496969
    },
    "lncc": {
      "mean": 0.2737685348695652,
      "std": 0.009758891205889733
    },
    "mi": {
      "mean": 0.7316850121739131,
      "std": 0.024369670456115083
    },
    "nmi": {
      "mean": 1.2812446069565218,
      "std": 0.015218809882698922
    },
    "ssim3d": {
      "mean": 0.9105606508695654,
      "std": 0.01311504595601155
    },
    "mse": {
      "mean": 0.002336105426695652,
      "std": 0.0006130733993942709
    },
    "psnr": {
      "mean": 26.448514782608694,
      "std": 1.0538925099255267
    },
    "non_jac_frac": {
      "mean": 1.4605130434782609e-05,
      "std": 7.36722027281689e-06
    },
    "SDlogJ": {
      "mean": 0.327996512347826,
      "std": 0.022128753384712423
    },
    "J_min": {
      "mean": -0.27001597721739135,
      "std": 0.14961975434557678
    },
    "J_p01": {
      "mean": 0.27544802773913046,
      "std": 0.026753504952691017
    },
    "J_p05": {
      "mean": 0.49271963652173906,
      "std": 0.037758791773543035
    },
    "J_p50": {
      "mean": 0.977474375826087,
      "std": 0.007470662442370973
    },
    "J_p95": {
      "mean": 1.3913605880869566,
      "std": 0.023095806300728453
    },
    "J_p99": {
      "mean": 2.128400764434782,
      "std": 0.06692505353799894
    },
    "J_max": {
      "mean": 18.61553797226087,
      "std": 2.960694731392649
    },
    "bending_energy": {
      "mean": 0.0031334718260869567,
      "std": 0.00011794562152024057
    },
    "mean_abs_div": {
      "mean": 0.17720266434782606,
      "std": 0.011360838313363273
    }
  },
  "inference": {
    "runtime_s_per_pair": {
      "mean": 0.2033959304347826,
      "std": 0.08899399319101328
    },
    "peak_mem_GB": {
      "max": 10.6347,
      "mean": 10.598999999999997
    }
  }
}